target,n_train,n_test,pearson_real,pearson_shuffled
HMDB0000158,1841,388,0.6472649644346903,0.3826280521738152
HMDB0000687,1841,388,0.5572966427018652,
HMDB0000883,1841,388,0.6516606807750178,0.44943275010240114
HMDB0000172,1779,375,0.5465480871186095,-0.00419401068063594
HMDB0000254,1779,375,0.5764599284172836,
HMDB0000190,1779,375,0.5993633939573372,-0.007855999517031016
HMDB0000300,1779,375,0.4706925516234853,-0.04873366890731893
HMDB0000182,1778,375,0.6150673250354601,0.03373705972837368
HMDB0000929,1719,359,0.5729037967497843,-0.19508308531983407
HMDB0000161,1708,364,0.694007894054126,
HMDB0000157,1706,350,0.4581376628961526,0.03176362311179705
HMDB0000123,1625,342,0.6570682058382199,
HMDB0000162,1525,316,0.5870238718334121,
HMDB0000159,1525,316,0.5854678557391882,-0.10914127791437504
HMDB0000251,1525,316,0.523455990425743,
HMDB0000619,1534,316,0.7864669191364694,-0.1416713670297386
HMDB0000237,1515,319,0.5657550970847126,0.33701901185365896
HMDB0000517,1482,298,0.6196082199547526,
HMDB0000148,1482,298,0.6645359927851949,
HMDB0001488,1463,303,0.39589195004778693,
HMDB0000187,1463,303,0.6556905307079693,
HMDB0000167,1463,303,0.5965880407129572,
HMDB0000262,1463,303,0.44348039092464303,
HMDB0000696,1463,303,0.4971596964272217,
HMDB0000641,1462,303,0.5261768226126436,
HMDB0000177,1461,303,0.48902530670673455,
HMDB0000191,1459,303,0.6590858907960815,0.03425549529931121
HMDB0000039,1453,300,0.6942381434353545,0.0662702012906643
HMDB0000156,1433,296,0.4625819041144246,
HMDB0000562,1433,296,0.8159294544863686,-0.05708240873232262
HMDB0000296,1433,296,0.5309847611496904,
HMDB0059655,1433,296,0.47932162970317915,
HMDB0000133,1433,296,0.5045442508838889,0.22698123013317087
HMDB0000630,1431,296,0.384624011884734,
HMDB0000056,1421,302,0.5241221121718271,-0.17491936008356532
HMDB0000718,1432,305,,
HMDB0000214,1420,296,0.6503553054546631,
HMDB0000097,1419,285,0.6007109006782916,
HMDB0000904,1389,278,0.6045171458817,
HMDB0000062,1390,278,0.4727206598564733,
HMDB0000020,1362,285,0.759185769495875,0.0405299199328714
HMDB0000168,1351,287,0.29994628154992686,
HMDB0000138,1362,269,0.7911436782533422,0.0006728448225324669
HMDB0000292,1339,271,0.3962907587799799,
HMDB0000208,1323,274,0.4019922027553116,0.15304141608518343
HMDB0000043,1299,258,0.3319363493169967,
HMDB0000064,1299,257,0.31610205584938106,-0.02127256606208075
HMDB0000779,1271,265,0.8311984692082133,-0.07783101841357228
HMDB0001414,1258,260,0.7614020707654614,0.12404217130924695
HMDB0000289,1247,251,0.8461354001978527,-0.041059109581590335
HMDB0000017,1247,250,0.7449944153503483,-0.0206800934051671
HMDB0002005,1241,251,0.7931333751389285,0.1868858133203411
HMDB0000197,1234,259,0.787642321449339,-0.10380789658457698
HMDB0000535,1243,245,0.8240810251990891,0.09113209415840749
HMDB0000195,1206,256,0.8158460059153998,-0.1362445794252512
HMDB0000210,1204,233,0.8744144442960681,0.019789125957654162
HMDB0000132,1204,233,0.7370864473250492,-0.10561680428006066
HMDB0001161,1204,233,0.8792492691054419,0.08310044713906278
HMDB0000626,1206,242,0.7088048548429075,-0.21934220960976994
HMDB0000267,1172,240,0.3705347772676582,
