held_out_cohort,target,pearson_test,n_train,n_test
ERAWIJANTARI_GASTRIC_CANCER_2020,HMDB0000158,0.0731517527984629,2513,96
ERAWIJANTARI_GASTRIC_CANCER_2020,HMDB0000687,-0.08711652629868957,2513,96
ERAWIJANTARI_GASTRIC_CANCER_2020,HMDB0000883,-0.03083256106931862,2513,96
ERAWIJANTARI_GASTRIC_CANCER_2020,HMDB0000172,-0.08103494866572315,2423,96
ERAWIJANTARI_GASTRIC_CANCER_2020,HMDB0000254,0.015989648236846506,2423,96
ERAWIJANTARI_GASTRIC_CANCER_2020,HMDB0000190,0.06822877700726734,2423,96
ERAWIJANTARI_GASTRIC_CANCER_2020,HMDB0000300,-0.15280726057345748,2423,96
ERAWIJANTARI_GASTRIC_CANCER_2020,HMDB0000182,0.07483425247048282,2421,96
ERAWIJANTARI_GASTRIC_CANCER_2020,HMDB0000929,-0.033622397722625125,2345,96
ERAWIJANTARI_GASTRIC_CANCER_2020,HMDB0000161,-0.015209718549058388,2320,96
ERAWIJANTARI_GASTRIC_CANCER_2020,HMDB0000157,-0.17949890645247296,2304,96
ERAWIJANTARI_GASTRIC_CANCER_2020,HMDB0000123,0.176242894106422,2203,96
ERAWIJANTARI_GASTRIC_CANCER_2020,HMDB0000162,-0.10239034020996224,2073,96
ERAWIJANTARI_GASTRIC_CANCER_2020,HMDB0000159,-0.13306094165686214,2073,96
ERAWIJANTARI_GASTRIC_CANCER_2020,HMDB0000251,0.09608771017523147,2073,96
ERAWIJANTARI_GASTRIC_CANCER_2020,HMDB0000619,0.2643718809411003,2063,96
ERAWIJANTARI_GASTRIC_CANCER_2020,HMDB0000237,0.008010107253988635,2039,96
ERAWIJANTARI_GASTRIC_CANCER_2020,HMDB0000517,0.29104329526259765,1998,96
ERAWIJANTARI_GASTRIC_CANCER_2020,HMDB0000148,0.001285307584804832,1998,96
ERAWIJANTARI_GASTRIC_CANCER_2020,HMDB0001488,-0.14901116554015334,1983,96
ERAWIJANTARI_GASTRIC_CANCER_2020,HMDB0000187,-0.2447099759753519,1983,96
ERAWIJANTARI_GASTRIC_CANCER_2020,HMDB0000167,-0.0670566646384692,1983,96
ERAWIJANTARI_GASTRIC_CANCER_2020,HMDB0000262,-0.12898673696848717,1983,96
ERAWIJANTARI_GASTRIC_CANCER_2020,HMDB0000696,-0.18023036242453852,1983,96
ERAWIJANTARI_GASTRIC_CANCER_2020,HMDB0000641,0.09839262147148554,1982,96
ERAWIJANTARI_GASTRIC_CANCER_2020,HMDB0000177,0.18239906720781823,1979,96
ERAWIJANTARI_GASTRIC_CANCER_2020,HMDB0000191,-0.010362131694740073,1979,96
ERAWIJANTARI_GASTRIC_CANCER_2020,HMDB0000039,-0.013541984968634225,1941,96
ERAWIJANTARI_GASTRIC_CANCER_2020,HMDB0000156,-0.1482844169108756,1939,96
ERAWIJANTARI_GASTRIC_CANCER_2020,HMDB0000562,0.2584212490112449,1939,96
ERAWIJANTARI_GASTRIC_CANCER_2020,HMDB0000296,-0.09146605279355906,1939,96
ERAWIJANTARI_GASTRIC_CANCER_2020,HMDB0059655,-0.037606305144862025,1939,96
ERAWIJANTARI_GASTRIC_CANCER_2020,HMDB0000133,0.0397328112172191,1939,96
ERAWIJANTARI_GASTRIC_CANCER_2020,HMDB0000630,-0.182181682222851,1937,96
ERAWIJANTARI_GASTRIC_CANCER_2020,HMDB0000056,0.12076627396759354,1935,96
ERAWIJANTARI_GASTRIC_CANCER_2020,HMDB0000718,,1930,96
ERAWIJANTARI_GASTRIC_CANCER_2020,HMDB0000214,0.07568499744105113,1922,96
ERAWIJANTARI_GASTRIC_CANCER_2020,HMDB0000097,-0.2831971801165806,1907,96
ERAWIJANTARI_GASTRIC_CANCER_2020,HMDB0000904,-0.26814429084358593,1863,96
ERAWIJANTARI_GASTRIC_CANCER_2020,HMDB0000062,0.015174741252076874,1863,96
ERAWIJANTARI_GASTRIC_CANCER_2020,HMDB0000020,0.2034826373115702,1836,96
ERAWIJANTARI_GASTRIC_CANCER_2020,HMDB0000168,0.1750849420462119,1834,96
ERAWIJANTARI_GASTRIC_CANCER_2020,HMDB0000138,0.22757083025509545,1808,96
ERAWIJANTARI_GASTRIC_CANCER_2020,HMDB0000292,-0.23527740180355752,1796,96
ERAWIJANTARI_GASTRIC_CANCER_2020,HMDB0000208,-0.007502548182117599,1786,96
ERAWIJANTARI_GASTRIC_CANCER_2020,HMDB0000043,-0.13295600780884465,1733,96
ERAWIJANTARI_GASTRIC_CANCER_2020,HMDB0000064,-0.030181749492035503,1732,96
ERAWIJANTARI_GASTRIC_CANCER_2020,HMDB0000779,0.12330335654521372,1705,96
ERAWIJANTARI_GASTRIC_CANCER_2020,HMDB0001414,0.2933151971821662,1692,96
ERAWIJANTARI_GASTRIC_CANCER_2020,HMDB0000289,0.09294803747309689,1662,96
ERAWIJANTARI_GASTRIC_CANCER_2020,HMDB0000017,0.051959527383600615,1661,96
ERAWIJANTARI_GASTRIC_CANCER_2020,HMDB0002005,0.07639348041942427,1655,96
ERAWIJANTARI_GASTRIC_CANCER_2020,HMDB0000197,0.17081474805127117,1648,96
ERAWIJANTARI_GASTRIC_CANCER_2020,HMDB0000535,0.18450573924654698,1640,96
ERAWIJANTARI_GASTRIC_CANCER_2020,HMDB0000195,0.2537348853552959,1632,96
ERAWIJANTARI_GASTRIC_CANCER_2020,HMDB0000210,0.16117883890352325,1587,96
ERAWIJANTARI_GASTRIC_CANCER_2020,HMDB0000132,0.02889848732864551,1587,96
ERAWIJANTARI_GASTRIC_CANCER_2020,HMDB0001161,0.19659641756846238,1587,96
ERAWIJANTARI_GASTRIC_CANCER_2020,HMDB0000626,-0.10936969949281891,1579,96
ERAWIJANTARI_GASTRIC_CANCER_2020,HMDB0000267,-0.3255437927955903,1572,96
FRANZOSA_IBD_2019,HMDB0000158,-0.3615335204716703,2389,220
FRANZOSA_IBD_2019,HMDB0000687,-0.3338654160067283,2389,220
FRANZOSA_IBD_2019,HMDB0000883,-0.32262060509877827,2389,220
FRANZOSA_IBD_2019,HMDB0000172,-0.4218270485637024,2299,220
FRANZOSA_IBD_2019,HMDB0000254,0.13033140725456516,2299,220
FRANZOSA_IBD_2019,HMDB0000190,0.29085172922419067,2299,220
FRANZOSA_IBD_2019,HMDB0000300,-0.3895969562363392,2299,220
FRANZOSA_IBD_2019,HMDB0000182,-0.4359961890545921,2297,220
FRANZOSA_IBD_2019,HMDB0000929,-0.33758004015874493,2221,220
FRANZOSA_IBD_2019,HMDB0000161,-0.32423477281707913,2196,220
FRANZOSA_IBD_2019,HMDB0000157,-0.3406879619628476,2180,220
FRANZOSA_IBD_2019,HMDB0000162,-0.20150015923881834,1949,220
FRANZOSA_IBD_2019,HMDB0000159,-0.3025319737088504,1949,220
FRANZOSA_IBD_2019,HMDB0000251,-0.022110220693564716,1949,220
FRANZOSA_IBD_2019,HMDB0000619,0.5777912437324986,1939,220
FRANZOSA_IBD_2019,HMDB0000237,-0.35189065014003174,1915,220
FRANZOSA_IBD_2019,HMDB0000517,0.009874235236815463,1874,220
FRANZOSA_IBD_2019,HMDB0000148,-0.3014359448847157,1874,220
FRANZOSA_IBD_2019,HMDB0001488,-0.14082802174899775,1859,220
FRANZOSA_IBD_2019,HMDB0000187,-0.3547651928564518,1859,220
FRANZOSA_IBD_2019,HMDB0000167,-0.33551288577709143,1859,220
FRANZOSA_IBD_2019,HMDB0000262,-0.3350266464226369,1859,220
FRANZOSA_IBD_2019,HMDB0000696,-0.2293418043559172,1859,220
FRANZOSA_IBD_2019,HMDB0000641,-0.2652302996152581,1858,220
FRANZOSA_IBD_2019,HMDB0000177,0.009712467426456576,1855,220
FRANZOSA_IBD_2019,HMDB0000191,-0.3230059764183215,1855,220
FRANZOSA_IBD_2019,HMDB0000156,-0.2767696920290993,1815,220
FRANZOSA_IBD_2019,HMDB0000562,0.2950726502968795,1815,220
FRANZOSA_IBD_2019,HMDB0000296,-0.009502573029362317,1815,220
FRANZOSA_IBD_2019,HMDB0059655,0.11099678861955951,1815,220
FRANZOSA_IBD_2019,HMDB0000133,0.04801336116187105,1815,220
FRANZOSA_IBD_2019,HMDB0000630,-0.10748123518459331,1813,220
FRANZOSA_IBD_2019,HMDB0000056,-0.14153327391958434,1811,220
FRANZOSA_IBD_2019,HMDB0000214,-0.2515634677950417,1798,220
FRANZOSA_IBD_2019,HMDB0000097,-0.10076857281057792,1783,220
FRANZOSA_IBD_2019,HMDB0000904,-0.05320297821686841,1739,220
FRANZOSA_IBD_2019,HMDB0000062,-0.04056111271757608,1739,220
FRANZOSA_IBD_2019,HMDB0000020,0.008865213134819581,1712,220
FRANZOSA_IBD_2019,HMDB0000168,-0.1624818552786105,1710,220
FRANZOSA_IBD_2019,HMDB0000138,0.42410753760204356,1684,220
FRANZOSA_IBD_2019,HMDB0000292,-0.3571010327743027,1672,220
FRANZOSA_IBD_2019,HMDB0000208,-0.2849044490662306,1662,220
FRANZOSA_IBD_2019,HMDB0000043,-0.003136148770093908,1609,220
FRANZOSA_IBD_2019,HMDB0000064,0.06237130647835418,1608,220
FRANZOSA_IBD_2019,HMDB0000779,-0.184057303537772,1581,220
FRANZOSA_IBD_2019,HMDB0001414,0.1714190301166911,1568,220
FRANZOSA_IBD_2019,HMDB0000289,0.13471845051352513,1538,220
FRANZOSA_IBD_2019,HMDB0000017,-0.23868055467828325,1537,220
FRANZOSA_IBD_2019,HMDB0002005,-0.005079976072169131,1531,220
FRANZOSA_IBD_2019,HMDB0000535,-0.046100724358953384,1516,220
FRANZOSA_IBD_2019,HMDB0000195,-0.1731703665818623,1508,220
FRANZOSA_IBD_2019,HMDB0000210,-0.10503896905316534,1463,220
FRANZOSA_IBD_2019,HMDB0000132,0.05777751245726294,1463,220
FRANZOSA_IBD_2019,HMDB0001161,-0.06372095236822282,1463,220
FRANZOSA_IBD_2019,HMDB0000626,-0.2539759218833085,1455,220
FRANZOSA_IBD_2019,HMDB0000267,-0.1608066847566688,1448,220
HE_INFANTS_MFGM_2019,HMDB0000158,-0.169543061759502,2332,277
HE_INFANTS_MFGM_2019,HMDB0000687,-0.020492792840561116,2332,277
HE_INFANTS_MFGM_2019,HMDB0000883,0.06504351125013197,2332,277
HE_INFANTS_MFGM_2019,HMDB0000172,-0.04271130250243427,2242,277
HE_INFANTS_MFGM_2019,HMDB0000254,-0.11741394671012954,2242,277
HE_INFANTS_MFGM_2019,HMDB0000190,0.26205343319811475,2242,277
HE_INFANTS_MFGM_2019,HMDB0000300,-0.02519520311021264,2242,277
HE_INFANTS_MFGM_2019,HMDB0000182,0.057706405254591905,2240,277
HE_INFANTS_MFGM_2019,HMDB0000929,-0.001460493187801994,2164,277
HE_INFANTS_MFGM_2019,HMDB0000161,0.15857032780381222,2139,277
HE_INFANTS_MFGM_2019,HMDB0000157,-0.06993081235169538,2123,277
HE_INFANTS_MFGM_2019,HMDB0000123,0.1798227396465685,2022,277
HE_INFANTS_MFGM_2019,HMDB0000162,0.06734167971385446,1892,277
HE_INFANTS_MFGM_2019,HMDB0000159,-0.013516954496038317,1892,277
HE_INFANTS_MFGM_2019,HMDB0000251,0.018050785519750437,1892,277
HE_INFANTS_MFGM_2019,HMDB0000237,-0.02710032706005483,1858,277
HE_INFANTS_MFGM_2019,HMDB0000517,0.0027193587704970467,1817,277
HE_INFANTS_MFGM_2019,HMDB0000148,0.056234437045826945,1817,277
HE_INFANTS_MFGM_2019,HMDB0001488,-0.04165343403002954,1802,277
HE_INFANTS_MFGM_2019,HMDB0000187,-0.13053129050765352,1802,277
HE_INFANTS_MFGM_2019,HMDB0000167,-0.028893446762443643,1802,277
HE_INFANTS_MFGM_2019,HMDB0000262,0.029630699689473967,1802,277
HE_INFANTS_MFGM_2019,HMDB0000696,-0.10871314307484654,1802,277
HE_INFANTS_MFGM_2019,HMDB0000641,-0.028105751755893926,1801,277
HE_INFANTS_MFGM_2019,HMDB0000177,0.03703581916411505,1798,277
HE_INFANTS_MFGM_2019,HMDB0000191,-0.001656934697326748,1798,277
HE_INFANTS_MFGM_2019,HMDB0000039,-0.2874240766590074,1760,277
HE_INFANTS_MFGM_2019,HMDB0000156,0.14559787391533535,1758,277
HE_INFANTS_MFGM_2019,HMDB0000562,-0.010520870635395066,1758,277
HE_INFANTS_MFGM_2019,HMDB0000296,6.968538805907383e-05,1758,277
HE_INFANTS_MFGM_2019,HMDB0059655,0.31225404008056235,1758,277
HE_INFANTS_MFGM_2019,HMDB0000133,-0.15362130770144647,1758,277
HE_INFANTS_MFGM_2019,HMDB0000630,0.17811379000012711,1756,277
HE_INFANTS_MFGM_2019,HMDB0000056,-0.19887018885050994,1754,277
HE_INFANTS_MFGM_2019,HMDB0000718,-0.0975302373135615,1749,277
HE_INFANTS_MFGM_2019,HMDB0000214,0.09580505707623808,1741,277
HE_INFANTS_MFGM_2019,HMDB0000097,0.06442245793173676,1726,277
HE_INFANTS_MFGM_2019,HMDB0000904,-0.040078141905991495,1682,277
HE_INFANTS_MFGM_2019,HMDB0000062,-0.11236874991481094,1682,277
HE_INFANTS_MFGM_2019,HMDB0000020,-0.014915782232309448,1655,277
HE_INFANTS_MFGM_2019,HMDB0000168,-0.1620069257702855,1653,277
HE_INFANTS_MFGM_2019,HMDB0000208,0.17396217284318913,1605,277
HE_INFANTS_MFGM_2019,HMDB0000043,0.16993087585983402,1552,277
HE_INFANTS_MFGM_2019,HMDB0000064,0.12317204913336907,1551,277
HE_INFANTS_MFGM_2019,HMDB0000779,0.18772629107829408,1524,277
HE_INFANTS_MFGM_2019,HMDB0001414,0.06430229564686497,1511,277
HE_INFANTS_MFGM_2019,HMDB0000197,0.00975151806301944,1467,277
HE_INFANTS_MFGM_2019,HMDB0000195,0.039837073972483955,1451,277
HE_INFANTS_MFGM_2019,HMDB0000267,0.04334766514729163,1391,277
JACOBS_IBD_FAMILIES_2016,HMDB0000158,0.12516833210717526,2519,90
JACOBS_IBD_FAMILIES_2016,HMDB0000687,-0.004127843578637339,2519,90
JACOBS_IBD_FAMILIES_2016,HMDB0000883,-0.03424769225530626,2519,90
JACOBS_IBD_FAMILIES_2016,HMDB0000929,0.00397884094655885,2351,90
JACOBS_IBD_FAMILIES_2016,HMDB0000162,-0.022584831531635586,2079,90
JACOBS_IBD_FAMILIES_2016,HMDB0000159,-0.011489239172473915,2079,90
JACOBS_IBD_FAMILIES_2016,HMDB0000251,-0.12075935788961575,2079,90
JACOBS_IBD_FAMILIES_2016,HMDB0000619,0.019838966298144637,2069,90
JACOBS_IBD_FAMILIES_2016,HMDB0000517,-0.016505790827050067,2004,90
JACOBS_IBD_FAMILIES_2016,HMDB0000148,-0.011147600222946637,2004,90
JACOBS_IBD_FAMILIES_2016,HMDB0000292,0.18000268705901049,1802,90
JACOBS_IBD_FAMILIES_2016,HMDB0000267,0.05968383292953468,1578,90
KANG_AUTISM_2017,HMDB0000158,0.09177288188572096,2565,44
KANG_AUTISM_2017,HMDB0000687,-0.010232001624151405,2565,44
KANG_AUTISM_2017,HMDB0000883,0.013578740947643714,2565,44
KANG_AUTISM_2017,HMDB0000172,-0.012227742157127405,2475,44
KANG_AUTISM_2017,HMDB0000254,0.004516044783854711,2475,44
KANG_AUTISM_2017,HMDB0000190,-0.24771123511375262,2475,44
KANG_AUTISM_2017,HMDB0000300,-0.11913223057439833,2475,44
KANG_AUTISM_2017,HMDB0000182,0.04035083992174935,2473,44
KANG_AUTISM_2017,HMDB0000929,0.031471689931572455,2397,44
KANG_AUTISM_2017,HMDB0000161,-0.11805686585011019,2372,44
KANG_AUTISM_2017,HMDB0000123,-0.09598375369663485,2255,44
KANG_AUTISM_2017,HMDB0000162,-0.17869414688535898,2125,44
KANG_AUTISM_2017,HMDB0000159,0.04306288628387718,2125,44
KANG_AUTISM_2017,HMDB0000251,0.009503363379249318,2125,44
KANG_AUTISM_2017,HMDB0000237,0.15787487142906512,2091,44
KANG_AUTISM_2017,HMDB0000517,0.038560211163951454,2050,44
KANG_AUTISM_2017,HMDB0000148,-0.14023754685085238,2050,44
KANG_AUTISM_2017,HMDB0001488,0.08204353149292183,2035,44
KANG_AUTISM_2017,HMDB0000187,0.02411000610586249,2035,44
KANG_AUTISM_2017,HMDB0000167,-0.10711712727592695,2035,44
KANG_AUTISM_2017,HMDB0000262,-0.2618289539313568,2035,44
KANG_AUTISM_2017,HMDB0000696,0.03364368752073106,2035,44
KANG_AUTISM_2017,HMDB0000641,0.23719701661174897,2034,44
KANG_AUTISM_2017,HMDB0000177,0.0001531696813543355,2031,44
KANG_AUTISM_2017,HMDB0000191,-0.06268552977785664,2031,44
KANG_AUTISM_2017,HMDB0000039,0.3859386643797682,1993,44
KANG_AUTISM_2017,HMDB0000056,0.24102620820458032,1987,44
KANG_AUTISM_2017,HMDB0000718,,1982,44
KANG_AUTISM_2017,HMDB0000097,0.10130571171355916,1959,44
KANG_AUTISM_2017,HMDB0000168,0.08112725105470663,1886,44
KANG_AUTISM_2017,HMDB0000292,-0.17851025907729337,1848,44
KIM_ADENOMAS_2020,HMDB0000158,0.2404827322532773,2369,240
KIM_ADENOMAS_2020,HMDB0000687,0.1232004826004151,2369,240
KIM_ADENOMAS_2020,HMDB0000883,0.1243223412376505,2369,240
KIM_ADENOMAS_2020,HMDB0000172,0.09419941501545347,2279,240
KIM_ADENOMAS_2020,HMDB0000254,0.2583692717471144,2279,240
KIM_ADENOMAS_2020,HMDB0000190,0.1374664018768057,2279,240
KIM_ADENOMAS_2020,HMDB0000300,-0.113248830398332,2279,240
KIM_ADENOMAS_2020,HMDB0000182,0.14539765551554276,2277,240
KIM_ADENOMAS_2020,HMDB0000929,0.180446365416681,2201,240
KIM_ADENOMAS_2020,HMDB0000161,0.07904570556108334,2176,240
KIM_ADENOMAS_2020,HMDB0000157,0.005467070622294081,2160,240
KIM_ADENOMAS_2020,HMDB0000123,0.006608833336296729,2059,240
KIM_ADENOMAS_2020,HMDB0000162,0.10103255060795477,1929,240
KIM_ADENOMAS_2020,HMDB0000159,0.16809656252837465,1929,240
KIM_ADENOMAS_2020,HMDB0000251,0.28128196875373407,1929,240
KIM_ADENOMAS_2020,HMDB0000619,0.2271481265039202,1919,240
KIM_ADENOMAS_2020,HMDB0000517,0.1785472161583978,1854,240
KIM_ADENOMAS_2020,HMDB0000148,-0.018505625614724384,1854,240
KIM_ADENOMAS_2020,HMDB0001488,0.09373358411940381,1839,240
KIM_ADENOMAS_2020,HMDB0000187,0.20463878904271754,1839,240
KIM_ADENOMAS_2020,HMDB0000167,0.11807833396122905,1839,240
KIM_ADENOMAS_2020,HMDB0000262,-0.11784511231611669,1839,240
KIM_ADENOMAS_2020,HMDB0000696,0.20083393107337433,1839,240
KIM_ADENOMAS_2020,HMDB0000641,0.19939453271214883,1838,240
KIM_ADENOMAS_2020,HMDB0000177,0.16092661106640554,1835,240
KIM_ADENOMAS_2020,HMDB0000191,0.060696393901612966,1835,240
KIM_ADENOMAS_2020,HMDB0000156,0.0057110874822204815,1795,240
KIM_ADENOMAS_2020,HMDB0000562,0.05464372850017621,1795,240
KIM_ADENOMAS_2020,HMDB0000296,0.0456855355149738,1795,240
KIM_ADENOMAS_2020,HMDB0059655,0.10008906629893706,1795,240
KIM_ADENOMAS_2020,HMDB0000133,0.049494313263484115,1795,240
KIM_ADENOMAS_2020,HMDB0000630,-0.05082884104515764,1793,240
KIM_ADENOMAS_2020,HMDB0000056,0.1339621593033962,1791,240
KIM_ADENOMAS_2020,HMDB0000718,-0.11786977075332088,1786,240
KIM_ADENOMAS_2020,HMDB0000214,0.11956392709935239,1778,240
KIM_ADENOMAS_2020,HMDB0000097,0.029268013708033887,1763,240
KIM_ADENOMAS_2020,HMDB0000904,0.09905384763413864,1719,240
KIM_ADENOMAS_2020,HMDB0000062,-0.10511793622256882,1719,240
KIM_ADENOMAS_2020,HMDB0000020,0.029293630380236788,1692,240
KIM_ADENOMAS_2020,HMDB0000168,0.14204250983964029,1690,240
KIM_ADENOMAS_2020,HMDB0000138,0.2233618857960694,1664,240
KIM_ADENOMAS_2020,HMDB0000292,-0.13700982654604926,1652,240
KIM_ADENOMAS_2020,HMDB0000208,0.048883804962088676,1642,240
KIM_ADENOMAS_2020,HMDB0000043,-0.126968001527874,1589,240
KIM_ADENOMAS_2020,HMDB0000064,-0.06973707281255982,1588,240
KIM_ADENOMAS_2020,HMDB0000779,-0.05309090901698888,1561,240
KIM_ADENOMAS_2020,HMDB0000289,0.02991824910551002,1518,240
KIM_ADENOMAS_2020,HMDB0000017,0.06138846627372059,1517,240
KIM_ADENOMAS_2020,HMDB0002005,0.07682172915621802,1511,240
KIM_ADENOMAS_2020,HMDB0000535,0.11571870012781829,1496,240
KIM_ADENOMAS_2020,HMDB0000195,-0.009799513702082659,1488,240
KIM_ADENOMAS_2020,HMDB0000210,-0.029060606416435666,1443,240
KIM_ADENOMAS_2020,HMDB0000132,0.17842061254529384,1443,240
KIM_ADENOMAS_2020,HMDB0001161,0.2613920919991152,1443,240
KIM_ADENOMAS_2020,HMDB0000626,0.09328324823356778,1435,240
KIM_ADENOMAS_2020,HMDB0000267,-0.05727686507320661,1428,240
KOSTIC_INFANTS_DIABETES_2015,HMDB0000158,-0.12978918255154065,2506,103
KOSTIC_INFANTS_DIABETES_2015,HMDB0000687,-0.20362060688281822,2506,103
KOSTIC_INFANTS_DIABETES_2015,HMDB0000883,0.1098235515724136,2506,103
KOSTIC_INFANTS_DIABETES_2015,HMDB0000172,-0.18951039608541145,2416,103
KOSTIC_INFANTS_DIABETES_2015,HMDB0000254,-0.08621727436649723,2416,103
KOSTIC_INFANTS_DIABETES_2015,HMDB0000190,0.22315600623792461,2416,103
KOSTIC_INFANTS_DIABETES_2015,HMDB0000300,-0.025941433641176626,2416,103
KOSTIC_INFANTS_DIABETES_2015,HMDB0000182,-0.21791851715440969,2414,103
KOSTIC_INFANTS_DIABETES_2015,HMDB0000929,-0.14855423653590138,2338,103
KOSTIC_INFANTS_DIABETES_2015,HMDB0000157,0.34021666101017894,2297,103
KOSTIC_INFANTS_DIABETES_2015,HMDB0000123,0.03425703937556884,2196,103
KOSTIC_INFANTS_DIABETES_2015,HMDB0000162,-0.07895427460780534,2066,103
KOSTIC_INFANTS_DIABETES_2015,HMDB0000159,-0.07871162422104683,2066,103
KOSTIC_INFANTS_DIABETES_2015,HMDB0000251,0.09415803896056038,2066,103
KOSTIC_INFANTS_DIABETES_2015,HMDB0000619,0.16996584660889372,2056,103
KOSTIC_INFANTS_DIABETES_2015,HMDB0000517,0.12979560286665376,1991,103
KOSTIC_INFANTS_DIABETES_2015,HMDB0000148,0.13709176728599823,1991,103
KOSTIC_INFANTS_DIABETES_2015,HMDB0001488,0.09495381761209201,1976,103
KOSTIC_INFANTS_DIABETES_2015,HMDB0000187,-0.14660171869973454,1976,103
KOSTIC_INFANTS_DIABETES_2015,HMDB0000167,-0.1953272250490349,1976,103
KOSTIC_INFANTS_DIABETES_2015,HMDB0000262,0.1771003516390108,1976,103
KOSTIC_INFANTS_DIABETES_2015,HMDB0000696,-0.13652387135250313,1976,103
KOSTIC_INFANTS_DIABETES_2015,HMDB0000641,0.06755747944722992,1975,103
KOSTIC_INFANTS_DIABETES_2015,HMDB0000177,-0.1517571177759537,1972,103
KOSTIC_INFANTS_DIABETES_2015,HMDB0000191,0.36435491938417425,1976,99
KOSTIC_INFANTS_DIABETES_2015,HMDB0000156,0.20567531968169273,1932,103
KOSTIC_INFANTS_DIABETES_2015,HMDB0000562,0.278424204093627,1932,103
KOSTIC_INFANTS_DIABETES_2015,HMDB0000296,-0.04658297296643808,1932,103
KOSTIC_INFANTS_DIABETES_2015,HMDB0059655,0.31660145620309477,1932,103
KOSTIC_INFANTS_DIABETES_2015,HMDB0000133,0.02324895304246899,1932,103
KOSTIC_INFANTS_DIABETES_2015,HMDB0000630,-0.08902631824819753,1930,103
KOSTIC_INFANTS_DIABETES_2015,HMDB0000056,0.2614350725862874,1928,103
KOSTIC_INFANTS_DIABETES_2015,HMDB0000214,-0.154095657877696,1915,103
KOSTIC_INFANTS_DIABETES_2015,HMDB0000097,0.06489001115221989,1901,102
KOSTIC_INFANTS_DIABETES_2015,HMDB0000904,0.1279121215559376,1856,103
KOSTIC_INFANTS_DIABETES_2015,HMDB0000062,0.0345056839950723,1856,103
KOSTIC_INFANTS_DIABETES_2015,HMDB0000168,-0.20062019169742928,1827,103
KOSTIC_INFANTS_DIABETES_2015,HMDB0000138,-0.0646195486835166,1801,103
KOSTIC_INFANTS_DIABETES_2015,HMDB0000292,0.05461619726355339,1789,103
KOSTIC_INFANTS_DIABETES_2015,HMDB0000208,0.15966322573405828,1779,103
KOSTIC_INFANTS_DIABETES_2015,HMDB0000043,-0.01881277668899333,1726,103
KOSTIC_INFANTS_DIABETES_2015,HMDB0000064,0.19553175078649052,1725,103
KOSTIC_INFANTS_DIABETES_2015,HMDB0001414,0.2975141717532602,1685,103
KOSTIC_INFANTS_DIABETES_2015,HMDB0000289,-0.21783196684475148,1655,103
KOSTIC_INFANTS_DIABETES_2015,HMDB0000017,0.09199376262554701,1654,103
KOSTIC_INFANTS_DIABETES_2015,HMDB0002005,-0.0838729970031925,1648,103
KOSTIC_INFANTS_DIABETES_2015,HMDB0000195,0.11868708762579344,1637,91
KOSTIC_INFANTS_DIABETES_2015,HMDB0000210,-0.16854954661137522,1580,103
KOSTIC_INFANTS_DIABETES_2015,HMDB0000132,-0.20275492146435994,1580,103
KOSTIC_INFANTS_DIABETES_2015,HMDB0001161,0.056318737452330174,1580,103
KOSTIC_INFANTS_DIABETES_2015,HMDB0000267,0.11682038202546965,1565,103
MARS_IBS_2020,HMDB0000158,0.08404421676464899,2169,440
MARS_IBS_2020,HMDB0000687,-0.03359299210552331,2169,440
MARS_IBS_2020,HMDB0000883,-0.054069919363604856,2169,440
MARS_IBS_2020,HMDB0000172,-0.0721013139765027,2079,440
MARS_IBS_2020,HMDB0000254,-0.08000528142136762,2079,440
MARS_IBS_2020,HMDB0000190,-0.11554072672336871,2079,440
MARS_IBS_2020,HMDB0000300,-0.1277200481695477,2079,440
MARS_IBS_2020,HMDB0000182,-0.047336440971198546,2077,440
MARS_IBS_2020,HMDB0000929,-0.02605780203361695,2169,272
MARS_IBS_2020,HMDB0000161,-0.1390157001333135,1976,440
MARS_IBS_2020,HMDB0000157,0.11643530399287262,1960,440
MARS_IBS_2020,HMDB0000123,-0.01939492577669263,1859,440
MARS_IBS_2020,HMDB0000619,0.025998024536513755,1717,442
MARS_IBS_2020,HMDB0000237,0.05288553371777588,1695,440
MARS_IBS_2020,HMDB0000039,0.10481048647343064,1597,440
MARS_IBS_2020,HMDB0000718,-0.03601058893699205,1586,440
MARS_IBS_2020,HMDB0000138,-0.08048633738542982,1683,221
MARS_IBS_2020,HMDB0000197,0.21922470641844877,1472,272
MARS_IBS_2020,HMDB0000626,-0.07637311459514586,1233,442
POYET_BIO_ML_2019,HMDB0000158,0.13680832325751469,2445,164
POYET_BIO_ML_2019,HMDB0000687,0.10699823810555628,2445,164
POYET_BIO_ML_2019,HMDB0000883,0.3097934102354562,2445,164
POYET_BIO_ML_2019,HMDB0000172,0.09293140021510195,2355,164
POYET_BIO_ML_2019,HMDB0000254,0.3205935416569962,2355,164
POYET_BIO_ML_2019,HMDB0000190,-0.1817108294898975,2355,164
POYET_BIO_ML_2019,HMDB0000300,-0.158520018308893,2355,164
POYET_BIO_ML_2019,HMDB0000182,0.06860486529508088,2353,164
POYET_BIO_ML_2019,HMDB0000929,0.09747681320069111,2277,164
POYET_BIO_ML_2019,HMDB0000161,0.09915139260573316,2252,164
POYET_BIO_ML_2019,HMDB0000157,-0.061426710244331,2236,164
POYET_BIO_ML_2019,HMDB0000123,0.21371326083934492,2135,164
POYET_BIO_ML_2019,HMDB0000162,-0.05969378162522622,2005,164
POYET_BIO_ML_2019,HMDB0000159,0.11438244675187341,2005,164
POYET_BIO_ML_2019,HMDB0000251,0.24364433079128167,2005,164
POYET_BIO_ML_2019,HMDB0000619,0.3518173118422295,1995,164
POYET_BIO_ML_2019,HMDB0000237,0.20830280811621898,2093,42
POYET_BIO_ML_2019,HMDB0000517,0.3734065146154867,1930,164
POYET_BIO_ML_2019,HMDB0000148,-0.11479902964767406,1930,164
POYET_BIO_ML_2019,HMDB0001488,0.05221927465130283,1915,164
POYET_BIO_ML_2019,HMDB0000187,0.076320591851582,1915,164
POYET_BIO_ML_2019,HMDB0000167,0.050559500209506066,1915,164
POYET_BIO_ML_2019,HMDB0000262,-0.15992502755310967,1915,164
POYET_BIO_ML_2019,HMDB0000696,0.04480856480203554,1915,164
POYET_BIO_ML_2019,HMDB0000641,0.1167956183586168,1914,164
POYET_BIO_ML_2019,HMDB0000177,0.13233540675880376,1911,164
POYET_BIO_ML_2019,HMDB0000191,0.0860769699179601,1911,164
POYET_BIO_ML_2019,HMDB0000039,-0.07548097313672643,1873,164
POYET_BIO_ML_2019,HMDB0000156,-0.0796572066967376,1871,164
POYET_BIO_ML_2019,HMDB0000562,0.28291308912483626,1871,164
POYET_BIO_ML_2019,HMDB0000296,0.01689052505707617,1871,164
POYET_BIO_ML_2019,HMDB0059655,-0.09627473869768209,1871,164
POYET_BIO_ML_2019,HMDB0000133,0.1738907369169776,1871,164
POYET_BIO_ML_2019,HMDB0000630,-0.2631508331800876,1869,164
POYET_BIO_ML_2019,HMDB0000056,0.3714736167744594,1867,164
POYET_BIO_ML_2019,HMDB0000718,,1862,164
POYET_BIO_ML_2019,HMDB0000214,0.09019527688030779,1854,164
POYET_BIO_ML_2019,HMDB0000097,0.15113420837442051,1839,164
POYET_BIO_ML_2019,HMDB0000904,0.025248263673961,1795,164
POYET_BIO_ML_2019,HMDB0000062,-0.03366520108262849,1795,164
POYET_BIO_ML_2019,HMDB0000020,0.10877674875507433,1768,164
POYET_BIO_ML_2019,HMDB0000168,0.10726577094865486,1770,160
POYET_BIO_ML_2019,HMDB0000138,0.4959288302406762,1740,164
POYET_BIO_ML_2019,HMDB0000292,-0.22264519460360568,1728,164
POYET_BIO_ML_2019,HMDB0000208,-0.35366727434388545,1718,164
POYET_BIO_ML_2019,HMDB0000043,0.12302679246198822,1665,164
POYET_BIO_ML_2019,HMDB0000064,0.20673227368844044,1665,163
POYET_BIO_ML_2019,HMDB0000779,0.12038364287571988,1637,164
POYET_BIO_ML_2019,HMDB0001414,0.42307631920633815,1624,164
POYET_BIO_ML_2019,HMDB0000289,-0.1490728501217776,1594,164
POYET_BIO_ML_2019,HMDB0000017,-0.11107994687801663,1594,163
POYET_BIO_ML_2019,HMDB0002005,-0.1071376015827547,1591,160
POYET_BIO_ML_2019,HMDB0000197,0.07366990456448871,1580,164
POYET_BIO_ML_2019,HMDB0000535,-0.050938564267159855,1572,164
POYET_BIO_ML_2019,HMDB0000210,-0.011176162306364796,1519,164
POYET_BIO_ML_2019,HMDB0000132,0.07013925647559124,1519,164
POYET_BIO_ML_2019,HMDB0001161,0.27750916496085365,1519,164
POYET_BIO_ML_2019,HMDB0000626,0.33844283999106095,1511,164
POYET_BIO_ML_2019,HMDB0000267,0.0013629798736853546,1504,164
SINHA_CRC_2016,HMDB0000158,-0.16543746216361777,2478,131
SINHA_CRC_2016,HMDB0000687,-0.14142979985267493,2478,131
SINHA_CRC_2016,HMDB0000883,-0.07913747008780546,2478,131
SINHA_CRC_2016,HMDB0000172,-0.1577547336145347,2388,131
SINHA_CRC_2016,HMDB0000254,-0.08366514652671045,2388,131
SINHA_CRC_2016,HMDB0000190,0.0715126359871695,2388,131
SINHA_CRC_2016,HMDB0000300,-0.14671443397043638,2388,131
SINHA_CRC_2016,HMDB0000182,-0.11043152377286657,2386,131
SINHA_CRC_2016,HMDB0000929,-0.13387161074743165,2310,131
SINHA_CRC_2016,HMDB0000161,-0.09222032538674241,2285,131
SINHA_CRC_2016,HMDB0000157,-0.1343098150105242,2269,131
SINHA_CRC_2016,HMDB0000123,-0.07790059215528251,2168,131
SINHA_CRC_2016,HMDB0000162,-0.15533617100521935,2038,131
SINHA_CRC_2016,HMDB0000159,-0.13197907008858875,2038,131
SINHA_CRC_2016,HMDB0000251,-0.13555721141330196,2038,131
SINHA_CRC_2016,HMDB0000517,-0.09246261884255619,1963,131
SINHA_CRC_2016,HMDB0000148,-0.0074301287741402764,1963,131
SINHA_CRC_2016,HMDB0001488,-0.08287164372529303,1948,131
SINHA_CRC_2016,HMDB0000187,-0.04828112230061457,1948,131
SINHA_CRC_2016,HMDB0000167,-0.019633499852184832,1948,131
SINHA_CRC_2016,HMDB0000262,-0.13231164630228526,1948,131
SINHA_CRC_2016,HMDB0000696,-0.13638819701864596,1948,131
SINHA_CRC_2016,HMDB0000641,-0.03331960558095873,1947,131
SINHA_CRC_2016,HMDB0000177,-0.05372521457333574,1944,131
SINHA_CRC_2016,HMDB0000191,-0.05982951565703714,1944,131
SINHA_CRC_2016,HMDB0000156,0.14716706143308897,1904,131
SINHA_CRC_2016,HMDB0000562,-0.15898966298025927,1904,131
SINHA_CRC_2016,HMDB0000296,-0.20076854017296103,1904,131
SINHA_CRC_2016,HMDB0059655,-0.045560125334748736,1904,131
SINHA_CRC_2016,HMDB0000133,-0.115774072133552,1904,131
SINHA_CRC_2016,HMDB0000630,0.11724501117176336,1902,131
SINHA_CRC_2016,HMDB0000056,-0.09757619381092372,1900,131
SINHA_CRC_2016,HMDB0000718,,1895,131
SINHA_CRC_2016,HMDB0000214,0.010331261795321643,1887,131
SINHA_CRC_2016,HMDB0000097,-0.04317001173420396,1872,131
SINHA_CRC_2016,HMDB0000904,-0.10872670588937819,1828,131
SINHA_CRC_2016,HMDB0000062,-0.17859677903453652,1828,131
SINHA_CRC_2016,HMDB0000020,-0.144082992885766,1801,131
SINHA_CRC_2016,HMDB0000168,-0.18280422041042863,1799,131
SINHA_CRC_2016,HMDB0000138,-0.14107660292633523,1773,131
SINHA_CRC_2016,HMDB0000292,-0.1753259815750473,1761,131
SINHA_CRC_2016,HMDB0001414,-0.07932936081559089,1657,131
SINHA_CRC_2016,HMDB0000289,-0.05038010367582337,1627,131
SINHA_CRC_2016,HMDB0000017,0.025241761536628972,1626,131
SINHA_CRC_2016,HMDB0002005,-0.16922634373403087,1620,131
SINHA_CRC_2016,HMDB0000197,-0.09473703296263793,1613,131
SINHA_CRC_2016,HMDB0000210,-0.09991769073933855,1552,131
SINHA_CRC_2016,HMDB0000132,-0.17034600412354423,1552,131
SINHA_CRC_2016,HMDB0001161,-0.13618259406875835,1552,131
SINHA_CRC_2016,HMDB0000626,-0.10855334672611668,1544,131
SINHA_CRC_2016,HMDB0000267,-0.14637510695023664,1537,131
WANDRO_PRETERMS_2018,HMDB0000158,-0.23293582996276374,2534,75
WANDRO_PRETERMS_2018,HMDB0000687,0.1714341993296542,2534,75
WANDRO_PRETERMS_2018,HMDB0000883,0.2096216982194607,2534,75
WANDRO_PRETERMS_2018,HMDB0000172,0.21896063112447128,2444,75
WANDRO_PRETERMS_2018,HMDB0000254,0.42585054309645803,2444,75
WANDRO_PRETERMS_2018,HMDB0000190,0.2629177407763783,2444,75
WANDRO_PRETERMS_2018,HMDB0000300,0.014111205334663568,2444,75
WANDRO_PRETERMS_2018,HMDB0000182,0.05527044205352433,2442,75
WANDRO_PRETERMS_2018,HMDB0000929,-0.07713058989344335,2366,75
WANDRO_PRETERMS_2018,HMDB0000161,0.23744925075117465,2341,75
WANDRO_PRETERMS_2018,HMDB0000123,-0.01763569797170352,2224,75
WANDRO_PRETERMS_2018,HMDB0000162,0.24116959478869798,2094,75
WANDRO_PRETERMS_2018,HMDB0000159,0.20499022931958918,2094,75
WANDRO_PRETERMS_2018,HMDB0000251,-0.11868516570519336,2094,75
WANDRO_PRETERMS_2018,HMDB0000619,-0.09422443183571379,2084,75
WANDRO_PRETERMS_2018,HMDB0001488,-0.15841498120035252,2004,75
WANDRO_PRETERMS_2018,HMDB0000187,0.17812527619818158,2004,75
WANDRO_PRETERMS_2018,HMDB0000167,0.12918277892818553,2004,75
WANDRO_PRETERMS_2018,HMDB0000262,0.016924541091916264,2004,75
WANDRO_PRETERMS_2018,HMDB0000696,0.17451312487017853,2004,75
WANDRO_PRETERMS_2018,HMDB0000641,-0.23868764147993202,2003,75
WANDRO_PRETERMS_2018,HMDB0000177,0.21426081215686643,2000,75
WANDRO_PRETERMS_2018,HMDB0000191,-0.11279670229110773,2000,75
WANDRO_PRETERMS_2018,HMDB0000156,0.035639011501221105,1960,75
WANDRO_PRETERMS_2018,HMDB0000562,0.1520615673525799,1960,75
WANDRO_PRETERMS_2018,HMDB0000296,0.06129673093167793,1960,75
WANDRO_PRETERMS_2018,HMDB0059655,0.03975549549041981,1960,75
WANDRO_PRETERMS_2018,HMDB0000133,0.04515393257158695,1960,75
WANDRO_PRETERMS_2018,HMDB0000630,0.2815989656907568,1958,75
WANDRO_PRETERMS_2018,HMDB0000056,-0.004760216507673368,1956,75
WANDRO_PRETERMS_2018,HMDB0000214,-0.0991046621235831,1943,75
WANDRO_PRETERMS_2018,HMDB0000020,0.088425732058137,1857,75
WANDRO_PRETERMS_2018,HMDB0000168,-0.18472184280793205,1855,75
WANDRO_PRETERMS_2018,HMDB0000292,0.11668114595629886,1817,75
WANDRO_PRETERMS_2018,HMDB0000208,-0.1012088569285361,1807,75
WANDRO_PRETERMS_2018,HMDB0000779,-0.015891528534589562,1726,75
WANDRO_PRETERMS_2018,HMDB0001414,0.23120331592829318,1713,75
WANDRO_PRETERMS_2018,HMDB0000289,0.08544504112944717,1683,75
WANDRO_PRETERMS_2018,HMDB0000017,0.1031643920460338,1682,75
WANDRO_PRETERMS_2018,HMDB0002005,0.07007327556391865,1676,75
WANDRO_PRETERMS_2018,HMDB0000197,-0.36593995057001943,1669,75
WANDRO_PRETERMS_2018,HMDB0000195,-0.0502270601435728,1653,75
WANG_ESRD_2020,HMDB0000237,0.1602994007286886,1848,287
WANG_ESRD_2020,HMDB0000039,0.09118040286317809,1750,287
WANG_ESRD_2020,HMDB0000718,-0.05100908827718475,1739,287
WANG_ESRD_2020,HMDB0000535,0.19267068741259943,1449,287
YACHIDA_CRC_2019,HMDB0000158,0.09685887494318092,2262,347
YACHIDA_CRC_2019,HMDB0000687,-0.03935478859292948,2262,347
YACHIDA_CRC_2019,HMDB0000883,0.0020127140768900287,2262,347
YACHIDA_CRC_2019,HMDB0000172,-0.027532544031500298,2172,347
YACHIDA_CRC_2019,HMDB0000254,0.0778840688332556,2172,347
YACHIDA_CRC_2019,HMDB0000190,-0.07859021129614331,2172,347
YACHIDA_CRC_2019,HMDB0000300,-0.06385016205342889,2172,347
YACHIDA_CRC_2019,HMDB0000182,0.016123109861311827,2170,347
YACHIDA_CRC_2019,HMDB0000929,-0.02050594461555727,2094,347
YACHIDA_CRC_2019,HMDB0000161,0.043819621524985995,2069,347
YACHIDA_CRC_2019,HMDB0000157,-0.02298409471080745,2053,347
YACHIDA_CRC_2019,HMDB0000123,0.11139159926089715,1952,347
YACHIDA_CRC_2019,HMDB0000162,0.06731119617749377,1822,347
YACHIDA_CRC_2019,HMDB0000159,-0.061577512623003844,1822,347
YACHIDA_CRC_2019,HMDB0000251,0.05968219631884145,1822,347
YACHIDA_CRC_2019,HMDB0000619,0.2677883803541732,1812,347
YACHIDA_CRC_2019,HMDB0000237,0.043013210612910656,1788,347
YACHIDA_CRC_2019,HMDB0000517,0.17952133750739924,1747,347
YACHIDA_CRC_2019,HMDB0000148,0.07875596737497716,1747,347
YACHIDA_CRC_2019,HMDB0001488,-0.004659424526154008,1732,347
YACHIDA_CRC_2019,HMDB0000187,-0.1119172955327706,1732,347
YACHIDA_CRC_2019,HMDB0000167,-0.11329166172254981,1732,347
YACHIDA_CRC_2019,HMDB0000262,-0.03025965048182882,1732,347
YACHIDA_CRC_2019,HMDB0000696,-0.05687741682494722,1732,347
YACHIDA_CRC_2019,HMDB0000641,-0.019418053059702137,1731,347
YACHIDA_CRC_2019,HMDB0000177,-0.03285133146133302,1728,347
YACHIDA_CRC_2019,HMDB0000191,0.06382502739433835,1728,347
YACHIDA_CRC_2019,HMDB0000039,0.030332040794829585,1690,347
YACHIDA_CRC_2019,HMDB0000156,-0.029943889884715406,1688,347
YACHIDA_CRC_2019,HMDB0000562,0.13041804768888315,1688,347
YACHIDA_CRC_2019,HMDB0000296,0.0609695543599815,1688,347
YACHIDA_CRC_2019,HMDB0059655,0.00014312020419279486,1688,347
YACHIDA_CRC_2019,HMDB0000133,0.03157181467465095,1688,347
YACHIDA_CRC_2019,HMDB0000630,-0.0014326211281569087,1686,347
YACHIDA_CRC_2019,HMDB0000056,0.16882694418511812,1684,347
YACHIDA_CRC_2019,HMDB0000718,,1679,347
YACHIDA_CRC_2019,HMDB0000214,-0.018208021993056017,1671,347
YACHIDA_CRC_2019,HMDB0000097,-0.10649066465765465,1656,347
YACHIDA_CRC_2019,HMDB0000904,-0.09311270563947995,1612,347
YACHIDA_CRC_2019,HMDB0000062,0.01904981784405466,1612,347
YACHIDA_CRC_2019,HMDB0000020,0.17121721034634493,1585,347
YACHIDA_CRC_2019,HMDB0000168,0.051787948151954304,1583,347
YACHIDA_CRC_2019,HMDB0000138,0.1391602537621686,1557,347
YACHIDA_CRC_2019,HMDB0000292,0.008466708829237545,1545,347
YACHIDA_CRC_2019,HMDB0000208,-0.04694205920517759,1535,347
YACHIDA_CRC_2019,HMDB0000043,-0.11856128326054206,1482,347
YACHIDA_CRC_2019,HMDB0000064,-0.015250166347222337,1481,347
YACHIDA_CRC_2019,HMDB0000779,0.014446471672713306,1454,347
YACHIDA_CRC_2019,HMDB0001414,0.2889185050483926,1441,347
YACHIDA_CRC_2019,HMDB0000289,-0.018997588856952147,1411,347
YACHIDA_CRC_2019,HMDB0000017,0.03468755035101106,1410,347
YACHIDA_CRC_2019,HMDB0002005,-0.07422300202992523,1404,347
YACHIDA_CRC_2019,HMDB0000197,0.13560510396596656,1397,347
YACHIDA_CRC_2019,HMDB0000535,0.27412498584316736,1389,347
YACHIDA_CRC_2019,HMDB0000195,0.15770818919164362,1381,347
YACHIDA_CRC_2019,HMDB0000210,0.1378607153751174,1336,347
YACHIDA_CRC_2019,HMDB0000132,0.07470998060372368,1336,347
YACHIDA_CRC_2019,HMDB0001161,0.11683113059911282,1336,347
YACHIDA_CRC_2019,HMDB0000267,-0.0825756499184704,1321,347
iHMP_IBDMDB_2019,HMDB0000158,0.08979522375784557,2227,382
iHMP_IBDMDB_2019,HMDB0000687,0.04814392875112905,2227,382
iHMP_IBDMDB_2019,HMDB0000883,0.17977141023842483,2227,382
iHMP_IBDMDB_2019,HMDB0000172,0.020462024365692846,2137,382
iHMP_IBDMDB_2019,HMDB0000254,-0.07577690115483397,2137,382
iHMP_IBDMDB_2019,HMDB0000190,-0.16384076192659447,2137,382
iHMP_IBDMDB_2019,HMDB0000300,-0.012154071537001914,2137,382
iHMP_IBDMDB_2019,HMDB0000182,-0.020036770561612276,2137,380
iHMP_IBDMDB_2019,HMDB0000929,-0.02493532504502649,2059,382
iHMP_IBDMDB_2019,HMDB0000161,-0.021440895762927976,2034,382
iHMP_IBDMDB_2019,HMDB0000157,0.008093225324721707,2018,382
iHMP_IBDMDB_2019,HMDB0000123,0.1968922674869096,1917,382
iHMP_IBDMDB_2019,HMDB0000162,-0.08390622456756218,1787,382
iHMP_IBDMDB_2019,HMDB0000159,0.0021360766392930328,1787,382
iHMP_IBDMDB_2019,HMDB0000251,0.049773328140459254,1787,382
iHMP_IBDMDB_2019,HMDB0000619,0.201805334691882,1777,382
iHMP_IBDMDB_2019,HMDB0000237,0.223674648521697,1753,382
iHMP_IBDMDB_2019,HMDB0000517,0.0871965072132681,1712,382
iHMP_IBDMDB_2019,HMDB0000148,-0.14648919780011907,1712,382
iHMP_IBDMDB_2019,HMDB0001488,-0.03432495079658638,1697,382
iHMP_IBDMDB_2019,HMDB0000187,0.11144379198438314,1697,382
iHMP_IBDMDB_2019,HMDB0000167,-0.05752726258545525,1697,382
iHMP_IBDMDB_2019,HMDB0000262,-0.1149851571561131,1697,382
iHMP_IBDMDB_2019,HMDB0000696,0.022278719193526517,1697,382
iHMP_IBDMDB_2019,HMDB0000641,-0.09711524544536497,1697,381
iHMP_IBDMDB_2019,HMDB0000177,-0.027633942911435425,1697,378
iHMP_IBDMDB_2019,HMDB0000191,-0.11065455570913663,1693,382
iHMP_IBDMDB_2019,HMDB0000039,0.029050008996120338,1655,382
iHMP_IBDMDB_2019,HMDB0000156,-0.1105617992060521,1653,382
iHMP_IBDMDB_2019,HMDB0000562,0.2928818122907233,1653,382
iHMP_IBDMDB_2019,HMDB0000296,0.07160721471256469,1653,382
iHMP_IBDMDB_2019,HMDB0059655,-0.2175084142949249,1653,382
iHMP_IBDMDB_2019,HMDB0000133,0.02233714458591322,1653,382
iHMP_IBDMDB_2019,HMDB0000630,-0.0109754386816372,1653,380
iHMP_IBDMDB_2019,HMDB0000056,-0.01718482497682529,1697,334
iHMP_IBDMDB_2019,HMDB0000214,-0.025848630893021144,1653,365
iHMP_IBDMDB_2019,HMDB0000097,-0.10472376541892417,1621,382
iHMP_IBDMDB_2019,HMDB0000904,-0.06214462933130256,1578,381
iHMP_IBDMDB_2019,HMDB0000062,-0.07695624483859041,1578,381
iHMP_IBDMDB_2019,HMDB0000020,0.09002891694439129,1550,382
iHMP_IBDMDB_2019,HMDB0000168,0.11203361335618832,1693,237
iHMP_IBDMDB_2019,HMDB0000138,0.2626226947088673,1522,382
iHMP_IBDMDB_2019,HMDB0000292,-0.13546855628386684,1510,382
iHMP_IBDMDB_2019,HMDB0000208,-0.13115032044482375,1522,360
iHMP_IBDMDB_2019,HMDB0000043,-0.04295317963349564,1447,382
iHMP_IBDMDB_2019,HMDB0000064,0.06296208201222378,1446,382
iHMP_IBDMDB_2019,HMDB0000779,0.12872495517430288,1419,382
iHMP_IBDMDB_2019,HMDB0001414,0.29293440841150487,1413,375
iHMP_IBDMDB_2019,HMDB0000289,0.16370213930971161,1376,382
iHMP_IBDMDB_2019,HMDB0000017,-0.021309334211637068,1375,382
iHMP_IBDMDB_2019,HMDB0002005,0.13694995566615947,1372,379
iHMP_IBDMDB_2019,HMDB0000197,-0.13747566721791707,1362,382
iHMP_IBDMDB_2019,HMDB0000535,0.14587108338169769,1354,382
iHMP_IBDMDB_2019,HMDB0000195,-0.029216202908924672,1346,382
iHMP_IBDMDB_2019,HMDB0000210,0.027101114263707995,1301,382
iHMP_IBDMDB_2019,HMDB0000132,0.10194670049204317,1301,382
iHMP_IBDMDB_2019,HMDB0001161,0.08767818282533517,1301,382
iHMP_IBDMDB_2019,HMDB0000626,0.11057913152694208,1293,382
