chemical_class,median,mean,count
unclassified,0.333,0.364,276
Compounds with biological roles,0.597,0.565,227
Lipids,0.464,0.493,126
Anatomical Therapeutic Chemical (ATC) classification,0.507,0.526,30
Phytochemical compounds,0.427,0.46,28
Dipeptide,0.367,0.339,16
Food Component/Plant,0.378,0.414,12
"Leucine, Isoleucine and Valine Metabolism",0.616,0.571,8
Risk category of Japanese OTC drugs,0.703,0.712,8
Urea cycle; Arginine and Proline Metabolism,0.605,0.577,8
"Fatty Acid, Monohydroxy",0.432,0.405,8
Histidine Metabolism,0.864,0.533,6
Lysine Metabolism,0.672,0.574,6
Therapeutic category of drugs in Japan,0.628,0.533,6
Glutamate Metabolism,0.488,0.455,5
Tyrosine Metabolism,0.175,0.303,5
Tryptophan Metabolism,0.163,0.364,5
Gamma-glutamyl Amino Acid,0.228,0.147,5
