condition,model,cohort,auroc,auroc_ci_low,auroc_ci_high,auprc,n_train,n_test,n_test_positive
crohns_disease,within_cohort,FRANZOSA_IBD_2019,0.986013986013986,0.938,1.0,0.9885883347421809,120,24,13
crohns_disease,within_cohort,JACOBS_IBD_FAMILIES_2016,0.47619047619047616,0.143,0.834,0.5137917637917638,67,13,6
crohns_disease,within_cohort,iHMP_IBDMDB_2019,0.5571428571428572,0.222,0.851,0.8897378485744911,248,33,28
crohns_disease,pooled,ALL,0.9552830869094843,0.925,0.981,0.8725837496213138,1013,165,47
crohns_disease,cohort_identity,ALL,0.8978543094121889,0.845,0.941,0.6640550845198101,1013,165,47
end_stage_renal_disease,within_cohort,WANG_ESRD_2020,0.8928571428571428,0.731,1.0,0.9757747355084211,244,43,36
end_stage_renal_disease,pooled,ALL,0.9929378531073446,0.981,1.0,0.9728993784790008,953,154,36
end_stage_renal_disease,cohort_identity,ALL,0.9703389830508474,0.947,0.99,0.8372093023255814,953,154,36
colorectal_cancer,within_cohort,KIM_ADENOMAS_2020,0.36,0.062,0.703,0.23322986954565905,118,20,5
colorectal_cancer,within_cohort,SINHA_CRC_2016,0.7738095238095238,0.451,1.0,0.7373949579831932,111,20,6
colorectal_cancer,within_cohort,YACHIDA_CRC_2019,0.5904761904761905,0.407,0.772,0.5592801400347257,214,36,15
colorectal_cancer,pooled,ALL,0.7910691003911343,0.695,0.877,0.44141557617412214,944,144,26
colorectal_cancer,cohort_identity,ALL,0.8246414602346805,0.751,0.884,0.39271255060728744,944,144,26
ulcerative_colitis,within_cohort,FRANZOSA_IBD_2019,0.8888888888888888,0.697,1.0,0.900561167227834,112,20,9
ulcerative_colitis,within_cohort,iHMP_IBDMDB_2019,0.43333333333333335,0.2,0.69,0.8213370397087363,182,23,18
ulcerative_colitis,pooled,ALL,0.7962962962962962,0.682,0.905,0.6113878336767935,929,145,27
ulcerative_colitis,cohort_identity,ALL,0.9081920903954802,0.86,0.954,0.5686046511627908,929,145,27
ibs_diarrhea,within_cohort,MARS_IBS_2020,0.7304878048780488,0.556,0.891,0.7671615817474209,250,61,41
ibs_diarrhea,pooled,ALL,0.9677552707730467,0.941,0.99,0.8615708625228456,900,159,41
ibs_diarrhea,cohort_identity,ALL,0.9152542372881356,0.879,0.945,0.6721311475409836,900,159,41
ibs_constipation,within_cohort,MARS_IBS_2020,0.8708333333333333,0.725,0.976,0.7650733525733526,240,32,12
ibs_constipation,pooled,ALL,0.9675141242937854,0.934,0.992,0.7474999469484763,890,130,12
ibs_constipation,cohort_identity,ALL,0.9152542372881356,0.878,0.948,0.375,890,130,12
colorectal_adenoma,within_cohort,KIM_ADENOMAS_2020,0.5666666666666667,0.375,0.778,0.6442479293088479,173,31,16
colorectal_adenoma,pooled,ALL,0.9438559322033899,0.901,0.976,0.6897106681336558,855,134,16
colorectal_adenoma,cohort_identity,ALL,0.9364406779661018,0.906,0.966,0.5161290322580645,855,134,16
type_1_diabetes,within_cohort,KOSTIC_INFANTS_DIABETES_2015,0.5333333333333333,0.133,0.917,0.5942857142857143,92,11,5
type_1_diabetes,pooled,ALL,0.9576271186440678,0.912,0.992,0.3643939393939394,830,123,5
type_1_diabetes,cohort_identity,ALL,0.9745762711864406,0.953,0.992,0.45454545454545453,830,123,5
post_gastrectomy,within_cohort,ERAWIJANTARI_GASTRIC_CANCER_2020,0.75,0.425,1.0,0.7327380952380952,82,14,6
post_gastrectomy,pooled,ALL,0.9689265536723164,0.919,1.0,0.6944444444444443,805,124,6
post_gastrectomy,cohort_identity,ALL,0.9661016949152542,0.942,0.987,0.42857142857142855,805,124,6
colorectal_polyp,within_cohort,YACHIDA_CRC_2019,0.5047619047619047,0.273,0.727,0.3540194805194805,136,31,10
colorectal_polyp,pooled,ALL,0.9415254237288135,0.888,0.98,0.5273188720128079,799,128,10
colorectal_polyp,cohort_identity,ALL,0.9110169491525424,0.875,0.941,0.3225806451612903,799,128,10
colorectal_cancer_stage_0,within_cohort,YACHIDA_CRC_2019,0.6428571428571429,0.375,0.864,0.16666666666666666,131,23,2
colorectal_cancer_stage_0,pooled,ALL,0.9364406779661016,0.874,0.983,0.16666666666666666,794,120,2
colorectal_cancer_stage_0,cohort_identity,ALL,0.9110169491525424,0.875,0.945,0.08695652173913043,794,120,2
autism,pooled,ALL,0.9957627118644068,0.983,1.0,0.9150793650793649,786,124,6
autism,cohort_identity,ALL,0.9957627118644068,0.987,1.0,0.8571428571428571,786,124,6
neonatal_sepsis,within_cohort,WANDRO_PRETERMS_2018,0.9583333333333334,0.778,1.0,0.9861111111111112,49,11,8
neonatal_sepsis,pooled,ALL,0.9925847457627118,0.976,1.0,0.9126984126984127,784,126,8
neonatal_sepsis,cohort_identity,ALL,0.9872881355932204,0.971,1.0,0.7272727272727273,784,126,8
